Actual_pH,Predicted_pH
0.08,0.43333333333333335
0.5,2.6533333333333338
0.6,0.43333333333333335
1.23,1.8833333333333335
1.41,2.796666666666667
1.82,2.6533333333333338
2.99,3.0333333333333337
4.5,3.1966666666666668
5.01,6.036666666666666
6.17,5.460000000000001
8.39,8.6
8.64,8.520000000000001
9.25,9.42
10.0,9.44
11.63,11.206666666666669
