Actual_pH,Predicted_pH
0.08,1.4155061859146278
0.5,2.1486359883002493
0.6,1.7926453460468297
1.23,2.4999817445978927
1.41,2.526791616369379
1.82,2.6934557000090966
2.99,3.1391641584230903
4.5,3.155860194551594
5.01,5.507103959731331
6.17,5.0080034640044735
8.39,9.042819311778274
8.64,8.46366339254084
9.25,9.272128507805833
10.0,10.580851227687567
11.63,11.876220357009235
