Actual_pH,Predicted_pH
0.08,0.6418999999999997
0.5,0.7235000000000003
0.6,0.7986999999999991
1.23,1.4192999999999991
1.41,1.549699999999998
1.82,2.2229999999999985
2.99,3.6879000000000044
4.5,3.4066000000000027
5.01,5.4923
6.17,4.877500000000005
8.39,8.849900000000002
8.64,8.264800000000005
9.25,9.463499999999996
10.0,9.987795000000007
11.63,11.371000000000011
